<?xml version="1.0" encoding="UTF-8"?>
<project-private xmlns="http://www.netbeans.org/ns/project-private/1">
    <editor-bookmarks xmlns="http://www.netbeans.org/ns/editor-bookmarks/2" lastBookmarkId="0"/>
    <open-files xmlns="http://www.netbeans.org/ns/projectui-open-files/2">
        <group>
            <file>file:/C:/EGCC/EMPRENDEDORES_2016_1/HDS/Sem17/AppEduTec/src/pe/egcc/appedutec/view/ConsultaProfesoresView.java</file>
            <file>file:/C:/EGCC/EMPRENDEDORES_2016_1/HDS/Sem17/AppEduTec/src/pe/egcc/appedutec/prueba/Prueba03.java</file>
            <file>file:/C:/EGCC/EMPRENDEDORES_2016_1/HDS/Sem17/AppEduTec/src/pe/egcc/appedutec/prueba/Prueba04.java</file>
            <file>file:/C:/EGCC/EMPRENDEDORES_2016_1/HDS/Sem17/AppEduTec/src/pe/egcc/appedutec/view/ConsultaCursoView.java</file>
            <file>file:/C:/EGCC/EMPRENDEDORES_2016_1/HDS/Sem17/AppEduTec/src/pe/egcc/appedutec/service/EdutecService.java</file>
        </group>
    </open-files>
</project-private>
